<?xml version="1.0" encoding="UTF-8" ?>
<extension type="package" version="3.9" method="upgrade">
	<name>pkg_cosn</name>
	<author>Alexander Gribkov, Joachim Schmidt</author>
	<authorEmail>sallecta@yahoo.com</authorEmail>
    <authorUrl>https://github.com/sallecta/cosn</authorUrl>
    <copyright>2022 Alexander Gribkov, Joachim Schmidt</copyright>
	<creationDate>October 2022</creationDate>
	<packagename>cosn</packagename>
	<version>0.9.0</version>
	<license>http://www.gnu.org/licenses/gpl-2.0.html GNU/GPL</license>
	<url>https://github.com/sallecta/cosn/</url>
	<packager>Alexander Gribkov, Joachim Schmidt</packager>
	<packagerurl>https://github.com/sallecta/cosn</packagerurl>
	<description>PKG_COSN_DESCRIPTION</description>
	<changelogurl>https://raw.githubusercontent.com/sallecta/cosn/main/update/change_log.xml</changelogurl>
	<updateservers>
		<server type="extension" name="pkg_cosn_updates" priority="1" >https://raw.githubusercontent.com/sallecta/cosn/main/update/updt.xml</server>
	</updateservers>
	<languages folder='language'>
		<language tag="en-GB">en-GB/pkg_cosn.sys.ini</language>
	</languages>
	<files>
		<file type="plugin" id="cosn" group="system">plg_cosn.zip</file>
		<file type="component" id="com_cosn">com_cosn.zip</file>
	</files>
</extension>
