<?xml version="1.0" encoding="UTF-8" ?>
<extension type="package" version="3.9" method="upgrade">
	<name>jphpx Package</name>
	<author>Joachim Schmidt</author>
	<authorEmail>joachim.schmidt@oberquembach.de</authorEmail>
    <authorUrl>https://www.jschmidt-systemberatung.de</authorUrl>
    <copyright>2022 Joachim Schmidt</copyright>
	<creationDate>July 2022</creationDate>
	<packagename>jphpx</packagename>
	<version>1.3.2.2</version>
	<license>http://www.gnu.org/licenses/gpl-2.0.html GNU/GPL</license>
	<url>https://www.jschmidt-systemberatung.de/</url>
	<packager>Joachim Schmidt</packager>
	<packagerurl>/www.jschmidt-systemberatung.de/</packagerurl>
	<description>PACKAGE_XML_DESCRIPTION</description>
	<updateservers>
		<server type="extension" name="pkg_jphpx_updates" priority="1" >https://www.jschmidt-systemberatung.de/downloads/pkg_jphpx_updates.xml</server>
	</updateservers>
	<languages folder='language'>
		<language tag="de-DE">de-DE/de-DE.pkg_jphpx.sys.ini</language>
		<language tag="en-GB">en-GB/en-GB.pkg_jphpx.sys.ini</language>
	</languages>
	<files>
		<file type="plugin" id="jphpx" group="system">plg_jphpx-v1.3.2.zip</file>
		<file type="component" id="com_jphpx">com_jphpx-v1.3.2.zip</file>
	</files>
</extension>